1,BigBossHog,165369308,29,2024-04-01
2,bigjoo,72791978,41,2024-04-01
3,rabulrabul,133762502,51,2024-04-01
4,Gishok,229438032,68,2024-04-01
5,BrarAndBoujee,224251530,85,2024-04-01
1,bigjoo,72791978,30,2024-04-02
2,BigBossHog,165369308,49,2024-04-02
3,rabulrabul,133762502,55,2024-04-02
4,Gishok,229438032,78,2024-04-02
5,BrarAndBoujee,224251530,134,2024-04-02
1,bigjoo,72791978,21,2024-04-03
2,rabulrabul,133762502,30,2024-04-03
3,BigBossHog,165369308,37,2024-04-03
4,Gishok,229438032,69,2024-04-03
5,BrarAndBoujee,224251530,151,2024-04-03
1,bigjoo,72791978,30,2024-04-04
2,BigBossHog,165369308,32,2024-04-04
3,rabulrabul,133762502,79,2024-04-04
4,Gishok,229438032,110,2024-04-04
5,BrarAndBoujee,224251530,164,2024-04-04
6,Singhtionary,225633804,237,2024-04-04
7,Ant-man♡,244922949,241,2024-04-04
1,rabulrabul,133762502,58,2024-04-05
2,BigBossHog,165369308,71,2024-04-05
3,Gishok,229438032,93,2024-04-05
4,bigjoo,72791978,138,2024-04-05
1,rabulrabul,133762502,58,2024-04-06
2,bigjoo,72791978,83,2024-04-06
3,Gishok,229438032,135,2024-04-06
4,BrarAndBoujee,224251530,217,2024-04-06
1,BigBossHog,165369308,31,2024-04-07
2,Singhtionary,225633804,33,2024-04-07
3,bigjoo,72791978,39,2024-04-07
4,rabulrabul,133762502,76,2024-04-07
5,Gishok,229438032,128,2024-04-07
1,BigBossHog,165369308,24,2024-04-08
2,bigjoo,72791978,27,2024-04-08
3,Gishok,229438032,37,2024-04-08
4,BrarAndBoujee,224251530,54,2024-04-08
5,Ant-man♡,244922949,59,2024-04-08
6,rabulrabul,133762502,66,2024-04-08
1,bigjoo,72791978,25,2024-04-09
2,BigBossHog,165369308,31,2024-04-09
3,rabulrabul,133762502,105,2024-04-09
1,bigjoo,72791978,53,2024-04-10
2,BigBossHog,165369308,58,2024-04-10
3,rabulrabul,133762502,89,2024-04-10
4,Gishok,229438032,109,2024-04-10
1,bigjoo,72791978,36,2024-04-11
2,Gishok,229438032,92,2024-04-11
3,rabulrabul,133762502,153,2024-04-11
1,bigjoo,72791978,56,2024-04-12
2,rabulrabul,133762502,86,2024-04-12
3,BigBossHog,165369308,90,2024-04-12
4,Gishok,229438032,96,2024-04-12
1,bigjoo,72791978,70,2024-04-13
2,Gishok,229438032,114,2024-04-13
3,rabulrabul,133762502,218,2024-04-13
4,Ant-man♡,244922949,280,2024-04-13
1,bigjoo,72791978,26,2024-04-14
2,BigBossHog,165369308,29,2024-04-14
3,rabulrabul,133762502,62,2024-04-14
4,Ant-man♡,244922949,137,2024-04-14
1,bigjoo,72791978,23,2024-04-15
2,BigBossHog,165369308,36,2024-04-15
3,rabulrabul,133762502,70,2024-04-15
4,Ant-man♡,244922949,179,2024-04-15
1,rabulrabul,133762502,68,2024-04-16
2,BigBossHog,165369308,83,2024-04-16
3,bigjoo,72791978,148,2024-04-16
1,bigjoo,72791978,27,2024-04-17
2,BigBossHog,165369308,94,2024-04-17
3,Gishok,229438032,97,2024-04-17
4,rabulrabul,133762502,164,2024-04-17
1,bigjoo,72791978,13,2024-04-18
2,BigBossHog,165369308,54,2024-04-18
3,rabulrabul,133762502,75,2024-04-18
4,Gishok,229438032,87,2024-04-18
1,bigjoo,72791978,30,2024-04-19
2,BigBossHog,165369308,36,2024-04-19
3,rabulrabul,133762502,49,2024-04-19
4,Gishok,229438032,75,2024-04-19
5,Ant-man♡,244922949,278,2024-04-19
1,bigjoo,72791978,68,2024-04-20
2,BigBossHog,165369308,127,2024-04-20
3,rabulrabul,133762502,133,2024-04-20
4,Gishok,229438032,198,2024-04-20
1,BigBossHog,165369308,25,2024-04-21
2,bigjoo,72791978,26,2024-04-21
3,rabulrabul,133762502,46,2024-04-21
4,Ant-man♡,244922949,222,2024-04-21
1,BigBossHog,165369308,29,2024-04-22
2,bigjoo,72791978,34,2024-04-22
3,rabulrabul,133762502,106,2024-04-22
1,bigjoo,72791978,37,2024-04-23
2,BigBossHog,165369308,42,2024-04-23
3,rabulrabul,133762502,89,2024-04-23
4,Gishok,229438032,102,2024-04-23
5,Sukhraj,185352540,115,2024-04-23
1,bigjoo,72791978,52,2024-04-24
2,rabulrabul,133762502,127,2024-04-24
1,BigBossHog,165369308,55,2024-04-25
2,bigjoo,72791978,62,2024-04-25
3,Gishok,229438032,99,2024-04-25
4,rabulrabul,133762502,123,2024-04-25
1,BigBossHog,165369308,29,2024-04-26
2,bigjoo,72791978,31,2024-04-26
3,rabulrabul,133762502,47,2024-04-26
1,BigBossHog,165369308,86,2024-04-27
2,bigjoo,72791978,114,2024-04-27
3,rabulrabul,133762502,237,2024-04-27
1,BigBossHog,165369308,35,2024-04-28
2,bigjoo,72791978,50,2024-04-28
3,rabulrabul,133762502,98,2024-04-28
1,BigBossHog,165369308,19,2024-04-29
2,bigjoo,72791978,55,2024-04-29
3,Gishok,229438032,88,2024-04-29
4,Sukhraj,185352540,94,2024-04-29
5,Ant-man♡,244922949,223,2024-04-29
1,BigBossHog,165369308,23,2024-04-30
2,bigjoo,72791978,26,2024-04-30
3,rabulrabul,133762502,49,2024-04-30
1,bigjoo,72791978,26,2024-01-01
2,BigBossHog,165369308,41,2024-01-01
3,rabulrabul,133762502,119,2024-01-01
4,Gishok,229438032,173,2024-01-01
1,BigBossHog,165369308,24,2024-01-02
2,bigjoo,72791978,37,2024-01-02
3,rabulrabul,133762502,53,2024-01-02
4,Sukhman,226109835,63,2024-01-02
5,Gishok,229438032,108,2024-01-02
1,bigjoo,72791978,23,2024-01-03
2,BigBossHog,165369308,25,2024-01-03
3,rabulrabul,133762502,56,2024-01-03
4,Gishok,229438032,76,2024-01-03
5,Singhtionary,225633804,79,2024-01-03
1,BigBossHog,165369308,39,2024-01-04
2,bigjoo,72791978,44,2024-01-04
3,Sukhman,226109835,79,2024-01-04
4,rabulrabul,133762502,136,2024-01-04
5,Gishok,229438032,144,2024-01-04
1,BigBossHog,165369308,30,2024-01-05
2,bigjoo,72791978,41,2024-01-05
3,Gishok,229438032,78,2024-01-05
4,Sukhman,226109835,98,2024-01-05
1,bigjoo,72791978,38,2024-01-06
2,Singhtionary,225633804,49,2024-01-06
3,BigBossHog,165369308,69,2024-01-06
4,rabulrabul,133762502,132,2024-01-06
5,Gishok,229438032,201,2024-01-06
1,bigjoo,72791978,32,2024-01-07
2,rabulrabul,133762502,60,2024-01-07
3,BigBossHog,165369308,95,2024-01-07
4,Sukhman,226109835,97,2024-01-07
5,Gishok,229438032,157,2024-01-07
1,bigjoo,72791978,26,2024-01-08
2,Gishok,229438032,131,2024-01-08
3,rabulrabul,133762502,143,2024-01-08
4,Sukhman,226109835,226,2024-01-08
5,BigBossHog,165369308,299,2024-01-08
1,bigjoo,72791978,22,2024-01-09
2,Singhtionary,225633804,26,2024-01-09
3,rabulrabul,133762502,49,2024-01-09
4,BigBossHog,165369308,51,2024-01-09
5,BrarAndBoujee,224251530,58,2024-01-09
6,Gishok,229438032,86,2024-01-09
1,bigjoo,72791978,34,2024-01-10
2,BigBossHog,165369308,48,2024-01-10
3,BrarAndBoujee,224251530,88,2024-01-10
4,rabulrabul,133762502,98,2024-01-10
5,Gishok,229438032,136,2024-01-10
6,Sukhman,226109835,176,2024-01-10
1,bigjoo,72791978,34,2024-01-11
2,rabulrabul,133762502,94,2024-01-11
3,Sukhman,226109835,149,2024-01-11
4,Gishok,229438032,159,2024-01-11
5,BrarAndBoujee,224251530,164,2024-01-11
6,BigBossHog,165369308,279,2024-01-11
1,BigBossHog,165369308,17,2024-01-12
2,bigjoo,72791978,36,2024-01-12
3,Sukhman,226109835,63,2024-01-12
4,BrarAndBoujee,224251530,64,2024-01-12
5,Gishok,229438032,147,2024-01-12
1,BigBossHog,165369308,73,2024-01-13
2,bigjoo,72791978,81,2024-01-13
3,Sukhman,226109835,88,2024-01-13
4,Gishok,229438032,206,2024-01-13
5,BrarAndBoujee,224251530,235,2024-01-13
6,rabulrabul,133762502,317,2024-01-13
1,Sukhman,226109835,21,2024-01-14
2,BigBossHog,165369308,28,2024-01-14
3,bigjoo,72791978,33,2024-01-14
4,rabulrabul,133762502,48,2024-01-14
5,BrarAndBoujee,224251530,58,2024-01-14
6,Gishok,229438032,80,2024-01-14
1,bigjoo,72791978,29,2024-01-15
2,Singhtionary,225633804,30,2024-01-15
3,BigBossHog,165369308,33,2024-01-15
4,rabulrabul,133762502,135,2024-01-15
5,Gishok,229438032,197,2024-01-15
6,BrarAndBoujee,224251530,313,2024-01-15
1,bigjoo,72791978,39,2024-01-16
2,BigBossHog,165369308,58,2024-01-16
3,rabulrabul,133762502,64,2024-01-16
4,Sukhman,226109835,77,2024-01-16
5,Gishok,229438032,81,2024-01-16
6,BrarAndBoujee,224251530,611,2024-01-16
1,bigjoo,72791978,26,2024-01-17
2,rabulrabul,133762502,65,2024-01-17
3,Gishok,229438032,126,2024-01-17
4,BigBossHog,165369308,184,2024-01-17
5,BrarAndBoujee,224251530,261,2024-01-17
1,BigBossHog,165369308,35,2024-01-18
2,bigjoo,72791978,37,2024-01-18
3,Sukhman,226109835,60,2024-01-18
4,Gishok,229438032,169,2024-01-18
5,BrarAndBoujee,224251530,233,2024-01-18
1,bigjoo,72791978,40,2024-01-19
2,BigBossHog,165369308,42,2024-01-19
3,Sukhman,226109835,66,2024-01-19
4,BrarAndBoujee,224251530,76,2024-01-19
5,Gishok,229438032,135,2024-01-19
1,BigBossHog,165369308,49,2024-01-20
2,bigjoo,72791978,95,2024-01-20
3,rabulrabul,133762502,114,2024-01-20
4,Gishok,229438032,118,2024-01-20
5,Sukhman,226109835,131,2024-01-20
6,BrarAndBoujee,224251530,149,2024-01-20
1,bigjoo,72791978,26,2024-01-21
2,rabulrabul,133762502,73,2024-01-21
3,Gishok,229438032,172,2024-01-21
4,BrarAndBoujee,224251530,255,2024-01-21
1,bigjoo,72791978,42,2024-01-22
2,BigBossHog,165369308,53,2024-01-22
3,Gishok,229438032,54,2024-01-22
4,BrarAndBoujee,224251530,212,2024-01-22
1,bigjoo,72791978,29,2024-01-23
2,BigBossHog,165369308,78,2024-01-23
3,BrarAndBoujee,224251530,136,2024-01-23
4,Gishok,229438032,138,2024-01-23
1,BigBossHog,165369308,54,2024-01-24
2,bigjoo,72791978,68,2024-01-24
3,rabulrabul,133762502,109,2024-01-24
4,BrarAndBoujee,224251530,154,2024-01-24
5,Gishok,229438032,158,2024-01-24
1,bigjoo,72791978,23,2024-01-25
2,BigBossHog,165369308,26,2024-01-25
3,rabulrabul,133762502,41,2024-01-25
4,Gishok,229438032,69,2024-01-25
5,BrarAndBoujee,224251530,133,2024-01-25
1,bigjoo,72791978,54,2024-01-26
2,Gishok,229438032,106,2024-01-26
3,BigBossHog,165369308,136,2024-01-26
4,rabulrabul,133762502,162,2024-01-26
5,BrarAndBoujee,224251530,176,2024-01-26
1,BigBossHog,165369308,60,2024-01-27
2,bigjoo,72791978,66,2024-01-27
3,Gishok,229438032,123,2024-01-27
4,rabulrabul,133762502,177,2024-01-27
5,BrarAndBoujee,224251530,247,2024-01-27
1,bigjoo,72791978,34,2024-01-28
2,BigBossHog,165369308,40,2024-01-28
3,Sukhman,226109835,73,2024-01-28
4,rabulrabul,133762502,100,2024-01-28
5,BrarAndBoujee,224251530,105,2024-01-28
6,Gishok,229438032,111,2024-01-28
1,BigBossHog,165369308,32,2024-01-29
2,bigjoo,72791978,33,2024-01-29
3,Sukhman,226109835,47,2024-01-29
4,rabulrabul,133762502,100,2024-01-29
5,BrarAndBoujee,224251530,109,2024-01-29
6,Gishok,229438032,119,2024-01-29
1,bigjoo,72791978,39,2024-01-30
2,BigBossHog,165369308,48,2024-01-30
3,Gishok,229438032,77,2024-01-30
4,rabulrabul,133762502,78,2024-01-30
5,BrarAndBoujee,224251530,150,2024-01-30
1,BigBossHog,165369308,23,2024-01-31
2,bigjoo,72791978,30,2024-01-31
3,rabulrabul,133762502,69,2024-01-31
4,BrarAndBoujee,224251530,89,2024-01-31
5,Gishok,229438032,163,2024-01-31
1,BigBossHog,165369308,50,2024-02-01
2,Singhtionary,225633804,53,2024-02-01
3,rabulrabul,133762502,89,2024-02-01
4,Gishok,229438032,175,2024-02-01
5,bigjoo,72791978,180,2024-02-01
6,BrarAndBoujee,224251530,231,2024-02-01
1,bigjoo,72791978,22,2024-02-02
2,BigBossHog,165369308,26,2024-02-02
3,Singhtionary,225633804,36,2024-02-02
4,rabulrabul,133762502,143,2024-02-02
5,Gishok,229438032,168,2024-02-02
6,BrarAndBoujee,224251530,204,2024-02-02
1,bigjoo,72791978,41,2024-02-03
2,rabulrabul,133762502,62,2024-02-03
3,Gishok,229438032,66,2024-02-03
4,BigBossHog,165369308,170,2024-02-03
5,BrarAndBoujee,224251530,194,2024-02-03
1,bigjoo,72791978,23,2024-02-04
2,Gishok,229438032,35,2024-02-04
3,BigBossHog,165369308,62,2024-02-04
4,rabulrabul,133762502,122,2024-02-04
5,BrarAndBoujee,224251530,210,2024-02-04
1,BigBossHog,165369308,36,2024-02-05
2,bigjoo,72791978,89,2024-02-05
3,Gishok,229438032,98,2024-02-05
4,BrarAndBoujee,224251530,149,2024-02-05
5,rabulrabul,133762502,191,2024-02-05
1,bigjoo,72791978,36,2024-02-06
2,BigBossHog,165369308,42,2024-02-06
3,Gishok,229438032,63,2024-02-06
4,rabulrabul,133762502,84,2024-02-06
5,BrarAndBoujee,224251530,91,2024-02-06
1,bigjoo,72791978,21,2024-02-07
2,BigBossHog,165369308,25,2024-02-07
3,Gishok,229438032,44,2024-02-07
4,rabulrabul,133762502,67,2024-02-07
5,BrarAndBoujee,224251530,89,2024-02-07
1,BigBossHog,165369308,57,2024-02-08
2,rabulrabul,133762502,77,2024-02-08
3,bigjoo,72791978,97,2024-02-08
4,BrarAndBoujee,224251530,128,2024-02-08
5,Gishok,229438032,283,2024-02-08
1,bigjoo,72791978,21,2024-02-09
2,Singhtionary,225633804,30,2024-02-09
3,BigBossHog,165369308,31,2024-02-09
4,Gishok,229438032,59,2024-02-09
5,rabulrabul,133762502,65,2024-02-09
6,BrarAndBoujee,224251530,98,2024-02-09
1,bigjoo,72791978,41,2024-02-10
2,BigBossHog,165369308,134,2024-02-10
3,Gishok,229438032,139,2024-02-10
4,rabulrabul,133762502,180,2024-02-10
5,BrarAndBoujee,224251530,242,2024-02-10
1,BigBossHog,165369308,22,2024-02-11
2,bigjoo,72791978,31,2024-02-11
3,rabulrabul,133762502,69,2024-02-11
4,Gishok,229438032,105,2024-02-11
5,BrarAndBoujee,224251530,189,2024-02-11
1,bigjoo,72791978,26,2024-02-12
2,BigBossHog,165369308,43,2024-02-12
3,rabulrabul,133762502,112,2024-02-12
4,BrarAndBoujee,224251530,211,2024-02-12
5,Gishok,229438032,280,2024-02-12
1,bigjoo,72791978,17,2024-02-13
2,BigBossHog,165369308,21,2024-02-13
3,BrarAndBoujee,224251530,68,2024-02-13
4,Gishok,229438032,103,2024-02-13
1,BigBossHog,165369308,38,2024-02-14
2,bigjoo,72791978,46,2024-02-14
3,BrarAndBoujee,224251530,104,2024-02-14
4,Gishok,229438032,138,2024-02-14
1,BigBossHog,165369308,31,2024-02-15
2,bigjoo,72791978,45,2024-02-15
3,rabulrabul,133762502,64,2024-02-15
4,Gishok,229438032,137,2024-02-15
5,BrarAndBoujee,224251530,147,2024-02-15
1,bigjoo,72791978,34,2024-02-16
2,BigBossHog,165369308,56,2024-02-16
3,Gishok,229438032,110,2024-02-16
4,BrarAndBoujee,224251530,216,2024-02-16
1,bigjoo,72791978,64,2024-02-17
2,BigBossHog,165369308,125,2024-02-17
3,BrarAndBoujee,224251530,245,2024-02-17
4,Gishok,229438032,324,2024-02-17
1,bigjoo,72791978,33,2024-02-18
2,BrarAndBoujee,224251530,72,2024-02-18
3,Gishok,229438032,78,2024-02-18
1,bigjoo,72791978,39,2024-02-19
2,BigBossHog,165369308,52,2024-02-19
3,BrarAndBoujee,224251530,109,2024-02-19
4,Gishok,229438032,118,2024-02-19
1,bigjoo,72791978,58,2024-02-20
2,BigBossHog,165369308,66,2024-02-20
3,Gishok,229438032,158,2024-02-20
4,BrarAndBoujee,224251530,179,2024-02-20
1,bigjoo,72791978,23,2024-02-21
2,BigBossHog,165369308,27,2024-02-21
3,Gishok,229438032,64,2024-02-21
4,BrarAndBoujee,224251530,239,2024-02-21
1,bigjoo,72791978,17,2024-02-22
2,BigBossHog,165369308,23,2024-02-22
3,Sukhman,226109835,60,2024-02-22
4,Gishok,229438032,83,2024-02-22
5,BrarAndBoujee,224251530,94,2024-02-22
1,BrarAndBoujee,224251530,46,2024-02-23
2,BigBossHog,165369308,66,2024-02-23
3,bigjoo,72791978,115,2024-02-23
4,Gishok,229438032,123,2024-02-23
1,bigjoo,72791978,51,2024-02-24
2,BigBossHog,165369308,97,2024-02-24
3,Gishok,229438032,131,2024-02-24
4,BrarAndBoujee,224251530,331,2024-02-24
1,BigBossHog,165369308,32,2024-02-25
2,bigjoo,72791978,33,2024-02-25
3,Gishok,229438032,122,2024-02-25
4,BrarAndBoujee,224251530,172,2024-02-25
1,BigBossHog,165369308,41,2024-02-26
2,bigjoo,72791978,53,2024-02-26
3,Sukhraj,185352540,55,2024-02-26
4,Gishok,229438032,85,2024-02-26
5,BrarAndBoujee,224251530,98,2024-02-26
1,bigjoo,72791978,62,2024-02-27
2,Sukhraj,185352540,82,2024-02-27
3,Gishok,229438032,84,2024-02-27
4,BrarAndBoujee,224251530,223,2024-02-27
1,bigjoo,72791978,30,2024-02-28
2,BigBossHog,165369308,38,2024-02-28
3,Gishok,229438032,60,2024-02-28
4,rabulrabul,133762502,85,2024-02-28
5,Sukhraj,185352540,96,2024-02-28
6,BrarAndBoujee,224251530,372,2024-02-28
1,bigjoo,72791978,24,2024-02-29
2,BigBossHog,165369308,30,2024-02-29
3,Gishok,229438032,78,2024-02-29
4,rabulrabul,133762502,88,2024-02-29
5,BrarAndBoujee,224251530,112,2024-02-29
1,BigBossHog,165369308,29,2024-03-01
2,rabulrabul,133762502,41,2024-03-01
3,bigjoo,72791978,54,2024-03-01
4,Gishok,229438032,72,2024-03-01
5,BrarAndBoujee,224251530,229,2024-03-01
1,bigjoo,72791978,67,2024-03-02
2,Gishok,229438032,124,2024-03-02
3,BrarAndBoujee,224251530,322,2024-03-02
1,Gishok,229438032,84,2024-03-03
2,Sukhraj,185352540,87,2024-03-03
3,BrarAndBoujee,224251530,160,2024-03-03
4,Sukhman,226109835,187,2024-03-03
5,bigjoo,72791978,817,2024-03-03
1,bigjoo,72791978,62,2024-03-04
2,Gishok,229438032,127,2024-03-04
3,BrarAndBoujee,224251530,151,2024-03-04
1,BigBossHog,165369308,37,2024-03-05
2,bigjoo,72791978,38,2024-03-05
3,Gishok,229438032,108,2024-03-05
4,BrarAndBoujee,224251530,181,2024-03-05
1,bigjoo,72791978,39,2024-03-06
2,BigBossHog,165369308,48,2024-03-06
3,Gishok,229438032,69,2024-03-06
4,Sukhman,226109835,95,2024-03-06
5,BrarAndBoujee,224251530,113,2024-03-06
1,bigjoo,72791978,31,2024-03-07
2,BigBossHog,165369308,39,2024-03-07
3,rabulrabul,133762502,54,2024-03-07
4,Gishok,229438032,74,2024-03-07
5,Sukhraj,185352540,81,2024-03-07
6,BrarAndBoujee,224251530,143,2024-03-07
2,Gishok,229438032,111,2024-03-08
3,rabulrabul,133762502,126,2024-03-08
4,BigBossHog,165369308,136,2024-03-08
5,BrarAndBoujee,224251530,250,2024-03-08
6,bigjoo,72791978,965,2024-03-08
1,BigBossHog,165369308,41,2024-03-09
2,bigjoo,72791978,73,2024-03-09
3,Sukhraj,185352540,90,2024-03-09
4,Gishok,229438032,150,2024-03-09
5,rabulrabul,133762502,177,2024-03-09
6,BrarAndBoujee,224251530,178,2024-03-09
2,bigjoo,72791978,21,2024-03-10
3,rabulrabul,133762502,33,2024-03-10
4,BigBossHog,165369308,37,2024-03-10
5,Gishok,229438032,59,2024-03-10
6,BrarAndBoujee,224251530,89,2024-03-10
1,Sukhraj,185352540,47,2024-03-11
2,bigjoo,72791978,72,2024-03-11
3,Gishok,229438032,89,2024-03-11
4,rabulrabul,133762502,102,2024-03-11
5,BigBossHog,165369308,117,2024-03-11
1,bigjoo,72791978,30,2024-03-12
2,BigBossHog,165369308,38,2024-03-12
3,Gishok,229438032,90,2024-03-12
4,rabulrabul,133762502,103,2024-03-12
1,Gishok,229438032,69,2024-03-13
2,bigjoo,72791978,71,2024-03-13
3,Singhtionary,225633804,87,2024-03-13
4,rabulrabul,133762502,91,2024-03-13
5,BigBossHog,165369308,98,2024-03-13
1,bigjoo,72791978,43,2024-03-14
2,Singhtionary,225633804,60,2024-03-14
3,Gishok,229438032,93,2024-03-14
4,rabulrabul,133762502,94,2024-03-14
5,BigBossHog,165369308,128,2024-03-14
1,BigBossHog,165369308,41,2024-03-15
2,Singhtionary,225633804,48,2024-03-15
3,bigjoo,72791978,65,2024-03-15
4,rabulrabul,133762502,115,2024-03-15
5,Gishok,229438032,146,2024-03-15
1,bigjoo,72791978,62,2024-03-16
2,BigBossHog,165369308,76,2024-03-16
3,Gishok,229438032,174,2024-03-16
1,bigjoo,72791978,37,2024-03-17
2,BigBossHog,165369308,41,2024-03-17
3,Sukhman,226109835,98,2024-03-17
4,rabulrabul,133762502,114,2024-03-17
5,Gishok,229438032,119,2024-03-17
1,bigjoo,72791978,46,2024-03-18
2,BigBossHog,165369308,85,2024-03-18
3,rabulrabul,133762502,106,2024-03-18
4,Gishok,229438032,110,2024-03-18
1,BigBossHog,165369308,27,2024-03-19
2,bigjoo,72791978,34,2024-03-19
3,rabulrabul,133762502,42,2024-03-19
4,Gishok,229438032,47,2024-03-19
1,bigjoo,72791978,18,2024-03-20
2,Gishok,229438032,49,2024-03-20
3,BigBossHog,165369308,53,2024-03-20
4,rabulrabul,133762502,55,2024-03-20
5,BrarAndBoujee,224251530,220,2024-03-20
1,BigBossHog,165369308,34,2024-03-21
2,rabulrabul,133762502,68,2024-03-21
3,bigjoo,72791978,90,2024-03-21
4,Gishok,229438032,102,2024-03-21
1,BigBossHog,165369308,46,2024-03-22
2,bigjoo,72791978,109,2024-03-22
3,rabulrabul,133762502,116,2024-03-22
4,BrarAndBoujee,224251530,134,2024-03-22
5,Gishok,229438032,149,2024-03-22
1,bigjoo,72791978,47,2024-03-23
2,rabulrabul,133762502,153,2024-03-23
3,Gishok,229438032,154,2024-03-23
4,BrarAndBoujee,224251530,258,2024-03-23
1,bigjoo,72791978,102,2024-03-24
2,BigBossHog,165369308,115,2024-03-24
3,rabulrabul,133762502,118,2024-03-24
4,Gishok,229438032,134,2024-03-24
5,BrarAndBoujee,224251530,176,2024-03-24
1,bigjoo,72791978,25,2024-03-25
2,BigBossHog,165369308,31,2024-03-25
3,rabulrabul,133762502,57,2024-03-25
4,Gishok,229438032,65,2024-03-25
5,BrarAndBoujee,224251530,111,2024-03-25
1,Singhtionary,225633804,59,2024-03-26
2,bigjoo,72791978,68,2024-03-26
3,rabulrabul,133762502,89,2024-03-26
4,Gishok,229438032,97,2024-03-26
5,BrarAndBoujee,224251530,269,2024-03-26
1,bigjoo,72791978,35,2024-03-27
2,rabulrabul,133762502,41,2024-03-27
3,BrarAndBoujee,224251530,199,2024-03-27
1,bigjoo,72791978,37,2024-03-28
2,BigBossHog,165369308,45,2024-03-28
3,rabulrabul,133762502,52,2024-03-28
4,Gishok,229438032,102,2024-03-28
5,BrarAndBoujee,224251530,147,2024-03-28
6,gdhami,234767499,391,2024-03-28
1,bigjoo,72791978,40,2024-03-29
2,BigBossHog,165369308,64,2024-03-29
3,Singhtionary,225633804,93,2024-03-29
4,BrarAndBoujee,224251530,112,2024-03-29
5,rabulrabul,133762502,399,2024-03-29
6,gdhami,234767499,578,2024-03-29
1,bigjoo,72791978,71,2024-03-30
2,BigBossHog,165369308,118,2024-03-30
3,Gishok,229438032,125,2024-03-30
4,rabulrabul,133762502,138,2024-03-30
5,BrarAndBoujee,224251530,204,2024-03-30
1,bigjoo,72791978,11,2024-03-31
2,BigBossHog,165369308,16,2024-03-31
3,Gishok,229438032,18,2024-03-31
4,rabulrabul,133762502,74,2024-03-31
5,BrarAndBoujee,224251530,85,2024-03-31
1,bigjoo,72791978,34,2023-01-01
1,BigBossHog,165369308,45,2023-01-02
2,bigjoo,72791978,48,2023-01-02
1,bigjoo,72791978,34,2023-01-03
2,BigBossHog,165369308,117,2023-01-03
1,bigjoo,72791978,24,2023-01-04
2,BigBossHog,165369308,31,2023-01-04
1,BigBossHog,165369308,64,2023-01-05
2,bigjoo,72791978,165,2023-01-05
1,bigjoo,72791978,38,2023-01-06
2,BigBossHog,165369308,57,2023-01-06
1,BigBossHog,165369308,153,2023-01-07
2,bigjoo,72791978,163,2023-01-07
1,bigjoo,72791978,35,2023-01-08
2,BigBossHog,165369308,38,2023-01-08
1,bigjoo,72791978,27,2023-01-09
2,BigBossHog,165369308,40,2023-01-09
1,BigBossHog,165369308,52,2023-01-10
2,bigjoo,72791978,546,2023-01-10
1,bigjoo,72791978,35,2023-01-11
2,BigBossHog,165369308,85,2023-01-11
1,bigjoo,72791978,30,2023-01-12
2,BigBossHog,165369308,47,2023-01-12
1,bigjoo,72791978,28,2023-01-13
2,BigBossHog,165369308,33,2023-01-13
1,bigjoo,72791978,62,2023-01-14
2,BigBossHog,165369308,67,2023-01-14
1,bigjoo,72791978,23,2023-01-15
1,bigjoo,72791978,46,2023-01-16
1,bigjoo,72791978,31,2023-01-17
2,BigBossHog,165369308,38,2023-01-17
1,bigjoo,72791978,14,2023-01-18
2,BigBossHog,165369308,65,2023-01-18
1,bigjoo,72791978,41,2023-01-19
2,BigBossHog,165369308,42,2023-01-19
1,bigjoo,72791978,34,2023-01-20
2,BigBossHog,165369308,35,2023-01-20
1,bigjoo,72791978,74,2023-01-21
2,BigBossHog,165369308,249,2023-01-21
1,bigjoo,72791978,20,2023-01-22
2,BigBossHog,165369308,36,2023-01-22
1,bigjoo,72791978,149,2023-01-23
2,BigBossHog,165369308,154,2023-01-23
1,BigBossHog,165369308,30,2023-01-24
2,bigjoo,72791978,64,2023-01-24
1,bigjoo,72791978,38,2023-01-25
2,BigBossHog,165369308,59,2023-01-25
1,bigjoo,72791978,13,2023-01-26
2,BigBossHog,165369308,29,2023-01-26
1,BigBossHog,165369308,49,2023-01-27
2,bigjoo,72791978,71,2023-01-27
1,bigjoo,72791978,49,2023-01-28
2,BigBossHog,165369308,65,2023-01-28
1,BigBossHog,165369308,23,2023-01-29
2,bigjoo,72791978,52,2023-01-29
1,bigjoo,72791978,21,2023-01-30
2,BigBossHog,165369308,30,2023-01-30
1,bigjoo,72791978,35,2023-01-31
2,BigBossHog,165369308,38,2023-01-31
1,bigjoo,72791978,38,2023-02-01
1,bigjoo,72791978,38,2023-02-02
2,BigBossHog,165369308,46,2023-02-02
1,BigBossHog,165369308,26,2023-02-03
2,bigjoo,72791978,28,2023-02-03
1,bigjoo,72791978,206,2023-02-04
2,BigBossHog,165369308,494,2023-02-04
1,BigBossHog,165369308,92,2023-02-05
2,bigjoo,72791978,255,2023-02-05
1,bigjoo,72791978,37,2023-02-06
2,BigBossHog,165369308,48,2023-02-06
1,BigBossHog,165369308,48,2023-02-07
2,bigjoo,72791978,51,2023-02-07
1,BigBossHog,165369308,16,2023-02-08
2,bigjoo,72791978,23,2023-02-08
1,bigjoo,72791978,31,2023-02-09
2,BigBossHog,165369308,41,2023-02-09
1,bigjoo,72791978,38,2023-02-10
2,BigBossHog,165369308,51,2023-02-10
1,bigjoo,72791978,93,2023-02-11
2,BigBossHog,165369308,165,2023-02-11
1,BigBossHog,165369308,28,2023-02-12
2,bigjoo,72791978,32,2023-02-12
1,BigBossHog,165369308,35,2023-02-13
2,bigjoo,72791978,47,2023-02-13
1,bigjoo,72791978,32,2023-02-14
2,BigBossHog,165369308,83,2023-02-14
1,BigBossHog,165369308,17,2023-02-15
1,bigjoo,72791978,16,2023-02-16
2,BigBossHog,165369308,25,2023-02-16
1,BigBossHog,165369308,50,2023-02-17
2,bigjoo,72791978,115,2023-02-17
1,BigBossHog,165369308,66,2023-02-18
2,bigjoo,72791978,77,2023-02-18
1,BigBossHog,165369308,265,2023-02-19
1,BigBossHog,165369308,35,2023-02-20
2,bigjoo,72791978,59,2023-02-20
1,bigjoo,72791978,36,2023-02-21
2,BigBossHog,165369308,70,2023-02-21
1,bigjoo,72791978,39,2023-02-22
2,BigBossHog,165369308,57,2023-02-22
1,BigBossHog,165369308,39,2023-02-23
2,bigjoo,72791978,77,2023-02-23
1,BigBossHog,165369308,14,2023-02-24
2,bigjoo,72791978,21,2023-02-24
1,bigjoo,72791978,40,2023-02-25
2,BigBossHog,165369308,49,2023-02-25
1,bigjoo,72791978,23,2023-02-26
2,BigBossHog,165369308,34,2023-02-26
1,bigjoo,72791978,26,2023-02-27
2,BigBossHog,165369308,42,2023-02-27
1,bigjoo,72791978,50,2023-02-28
2,BigBossHog,165369308,60,2023-02-28
1,bigjoo,72791978,33,2023-03-01
2,BigBossHog,165369308,54,2023-03-01
1,bigjoo,72791978,33,2023-03-02
2,BigBossHog,165369308,54,2023-03-02
1,bigjoo,72791978,71,2023-03-03
2,BigBossHog,165369308,78,2023-03-03
1,bigjoo,72791978,57,2023-03-04
2,BigBossHog,165369308,114,2023-03-04
1,bigjoo,72791978,25,2023-03-05
2,BigBossHog,165369308,47,2023-03-05
1,BigBossHog,165369308,46,2023-03-06
2,bigjoo,72791978,47,2023-03-06
1,bigjoo,72791978,28,2023-03-07
2,BigBossHog,165369308,51,2023-03-07
1,BigBossHog,165369308,27,2023-03-08
2,bigjoo,72791978,64,2023-03-08
1,bigjoo,72791978,28,2023-03-09
2,BigBossHog,165369308,48,2023-03-09
1,bigjoo,72791978,35,2023-03-10
2,BigBossHog,165369308,42,2023-03-10
1,BigBossHog,165369308,66,2023-03-11
2,bigjoo,72791978,132,2023-03-11
1,BigBossHog,165369308,27,2023-03-12
2,bigjoo,72791978,48,2023-03-12
1,BigBossHog,165369308,53,2023-03-13
2,bigjoo,72791978,147,2023-03-13
1,bigjoo,72791978,44,2023-03-14
2,BigBossHog,165369308,54,2023-03-14
1,bigjoo,72791978,18,2023-03-15
2,BigBossHog,165369308,24,2023-03-15
1,bigjoo,72791978,24,2023-03-16
2,BigBossHog,165369308,32,2023-03-16
1,BigBossHog,165369308,29,2023-03-17
2,bigjoo,72791978,32,2023-03-17
1,BigBossHog,165369308,47,2023-03-18
2,bigjoo,72791978,50,2023-03-18
1,bigjoo,72791978,31,2023-03-19
2,BigBossHog,165369308,33,2023-03-19
1,bigjoo,72791978,20,2023-03-20
2,BigBossHog,165369308,46,2023-03-20
1,BigBossHog,165369308,57,2023-03-21
2,bigjoo,72791978,63,2023-03-21
1,bigjoo,72791978,10,2023-03-23
2,BigBossHog,165369308,18,2023-03-23
1,bigjoo,72791978,37,2023-03-24
2,BigBossHog,165369308,47,2023-03-24
1,BigBossHog,165369308,85,2023-03-25
1,BigBossHog,165369308,30,2023-03-26
2,bigjoo,72791978,41,2023-03-26
1,BigBossHog,165369308,26,2023-03-27
2,bigjoo,72791978,28,2023-03-27
1,BigBossHog,165369308,231,2023-03-28
1,BigBossHog,165369308,66,2023-03-29
1,BigBossHog,165369308,34,2023-03-31
1,bigjoo,72791978,131,2023-04-01
2,BigBossHog,165369308,386,2023-04-01
1,BigBossHog,165369308,81,2023-04-02
1,bigjoo,72791978,23,2023-04-03
2,BigBossHog,165369308,31,2023-04-03
1,bigjoo,72791978,67,2023-04-04
2,BigBossHog,165369308,163,2023-04-04
1,BigBossHog,165369308,29,2023-04-05
2,bigjoo,72791978,38,2023-04-05
1,bigjoo,72791978,26,2023-04-06
2,BigBossHog,165369308,35,2023-04-06
1,BigBossHog,165369308,34,2023-04-07
2,bigjoo,72791978,77,2023-04-07
1,bigjoo,72791978,81,2023-04-08
2,BigBossHog,165369308,236,2023-04-08
1,BigBossHog,165369308,25,2023-04-09
1,bigjoo,72791978,16,2023-04-10
2,rabulrabul,133762502,18,2023-04-10
3,BigBossHog,165369308,32,2023-04-10
1,bigjoo,72791978,57,2023-04-11
1,bigjoo,72791978,35,2023-04-12
2,BigBossHog,165369308,39,2023-04-12
1,bigjoo,72791978,23,2023-04-13
2,BigBossHog,165369308,65,2023-04-13
1,BigBossHog,165369308,38,2023-04-14
1,bigjoo,72791978,57,2023-04-15
2,BigBossHog,165369308,149,2023-04-15
1,bigjoo,72791978,28,2023-04-16
2,BigBossHog,165369308,49,2023-04-16
1,BigBossHog,165369308,24,2023-04-17
2,bigjoo,72791978,28,2023-04-17
1,bigjoo,72791978,30,2023-04-18
2,BigBossHog,165369308,76,2023-04-18
1,bigjoo,72791978,31,2023-04-19
2,BigBossHog,165369308,40,2023-04-19
1,bigjoo,72791978,47,2023-04-20
2,BigBossHog,165369308,107,2023-04-20
1,BigBossHog,165369308,43,2023-04-21
2,bigjoo,72791978,48,2023-04-21
1,bigjoo,72791978,46,2023-04-22
2,BigBossHog,165369308,77,2023-04-22
1,bigjoo,72791978,32,2023-04-23
2,BigBossHog,165369308,35,2023-04-23
1,bigjoo,72791978,40,2023-04-24
2,BigBossHog,165369308,54,2023-04-24
1,BigBossHog,165369308,34,2023-04-25
1,BigBossHog,165369308,125,2023-04-26
1,bigjoo,72791978,36,2023-04-28
2,BigBossHog,165369308,69,2023-04-28
1,BigBossHog,165369308,91,2023-04-29
1,BigBossHog,165369308,23,2023-04-30
1,bigjoo,72791978,21,2023-05-01
2,BigBossHog,165369308,61,2023-05-01
1,BigBossHog,165369308,20,2023-05-02
2,bigjoo,72791978,23,2023-05-02
1,bigjoo,72791978,32,2023-05-03
2,BigBossHog,165369308,34,2023-05-03
1,bigjoo,72791978,25,2023-05-04
2,BigBossHog,165369308,26,2023-05-04
1,BigBossHog,165369308,68,2023-05-05
2,bigjoo,72791978,88,2023-05-05
1,bigjoo,72791978,53,2023-05-06
2,BigBossHog,165369308,110,2023-05-06
1,bigjoo,72791978,23,2023-05-07
2,BigBossHog,165369308,28,2023-05-07
1,bigjoo,72791978,27,2023-05-08
2,BigBossHog,165369308,50,2023-05-08
1,bigjoo,72791978,26,2023-05-09
2,BigBossHog,165369308,38,2023-05-09
1,BigBossHog,165369308,28,2023-05-10
2,bigjoo,72791978,33,2023-05-10
1,bigjoo,72791978,31,2023-05-11
2,BigBossHog,165369308,84,2023-05-11
1,bigjoo,72791978,23,2023-05-12
2,BigBossHog,165369308,40,2023-05-12
1,bigjoo,72791978,31,2023-05-14
1,bigjoo,72791978,28,2023-05-15
2,BigBossHog,165369308,32,2023-05-15
1,BigBossHog,165369308,36,2023-05-16
2,bigjoo,72791978,76,2023-05-16
1,BigBossHog,165369308,36,2023-05-17
2,bigjoo,72791978,41,2023-05-17
1,bigjoo,72791978,33,2023-05-18
2,BigBossHog,165369308,35,2023-05-18
1,bigjoo,72791978,80,2023-05-20
1,bigjoo,72791978,29,2023-05-21
2,BigBossHog,165369308,31,2023-05-21
1,bigjoo,72791978,29,2023-05-22
2,BigBossHog,165369308,118,2023-05-22
1,BigBossHog,165369308,95,2023-05-24
1,bigjoo,72791978,25,2023-06-18
2,BigBossHog,165369308,39,2023-06-18
1,BigBossHog,165369308,36,2023-06-19
2,bigjoo,72791978,77,2023-06-19
1,bigjoo,72791978,34,2023-06-20
2,BigBossHog,165369308,52,2023-06-20
1,bigjoo,72791978,21,2023-06-21
2,BigBossHog,165369308,27,2023-06-21
1,bigjoo,72791978,45,2023-06-22
1,bigjoo,72791978,25,2023-06-23
2,BigBossHog,165369308,28,2023-06-23
1,BigBossHog,165369308,51,2023-06-24
2,bigjoo,72791978,93,2023-06-24
1,bigjoo,72791978,34,2023-06-25
2,BigBossHog,165369308,39,2023-06-25
1,BigBossHog,165369308,35,2023-06-26
2,bigjoo,72791978,47,2023-06-26
1,BigBossHog,165369308,29,2023-06-27
2,bigjoo,72791978,32,2023-06-27
1,BigBossHog,165369308,34,2023-06-28
2,bigjoo,72791978,35,2023-06-28
1,bigjoo,72791978,13,2023-06-29
2,BigBossHog,165369308,33,2023-06-29
1,BigBossHog,165369308,24,2023-06-30
2,bigjoo,72791978,25,2023-06-30
1,BigBossHog,165369308,54,2023-07-01
2,bigjoo,72791978,73,2023-07-01
1,BigBossHog,165369308,55,2023-07-02
2,bigjoo,72791978,61,2023-07-02
1,BigBossHog,165369308,34,2023-07-03
2,bigjoo,72791978,58,2023-07-03
1,BigBossHog,165369308,39,2023-07-05
2,bigjoo,72791978,45,2023-07-05
1,BigBossHog,165369308,46,2023-07-06
2,bigjoo,72791978,80,2023-07-06
1,bigjoo,72791978,71,2023-07-07
2,BigBossHog,165369308,149,2023-07-07
1,bigjoo,72791978,94,2023-07-08
2,BigBossHog,165369308,231,2023-07-08
1,bigjoo,72791978,34,2023-07-09
2,BigBossHog,165369308,51,2023-07-09
1,BigBossHog,165369308,30,2023-07-10
2,bigjoo,72791978,37,2023-07-10
1,BigBossHog,165369308,33,2023-07-11
2,bigjoo,72791978,40,2023-07-11
1,bigjoo,72791978,31,2023-07-12
2,BigBossHog,165369308,36,2023-07-12
1,bigjoo,72791978,50,2023-07-13
1,bigjoo,72791978,35,2023-07-14
2,BigBossHog,165369308,39,2023-07-14
1,bigjoo,72791978,109,2023-07-15
2,BigBossHog,165369308,258,2023-07-15
1,bigjoo,72791978,23,2023-07-16
2,BigBossHog,165369308,39,2023-07-16
1,bigjoo,72791978,24,2023-07-17
2,BigBossHog,165369308,41,2023-07-17
1,bigjoo,72791978,42,2023-07-18
2,BigBossHog,165369308,58,2023-07-18
1,bigjoo,72791978,25,2023-07-19
2,BigBossHog,165369308,34,2023-07-19
1,bigjoo,72791978,35,2023-07-20
2,BigBossHog,165369308,38,2023-07-20
1,bigjoo,72791978,89,2023-07-21
2,BigBossHog,165369308,385,2023-07-21
1,BigBossHog,165369308,32,2023-07-26
2,bigjoo,72791978,37,2023-07-26
1,BigBossHog,165369308,35,2023-07-27
2,bigjoo,72791978,36,2023-07-27
1,bigjoo,72791978,53,2023-07-28
2,BigBossHog,165369308,93,2023-07-28
1,bigjoo,72791978,53,2023-07-29
2,BigBossHog,165369308,85,2023-07-29
1,bigjoo,72791978,19,2023-07-30
2,BigBossHog,165369308,33,2023-07-30
1,bigjoo,72791978,31,2023-07-31
2,BigBossHog,165369308,36,2023-07-31
1,bigjoo,72791978,41,2023-08-01
2,BigBossHog,165369308,75,2023-08-01
1,bigjoo,72791978,45,2023-08-02
2,BigBossHog,165369308,67,2023-08-02
1,bigjoo,72791978,28,2023-08-03
2,BigBossHog,165369308,47,2023-08-03
1,bigjoo,72791978,42,2023-08-04
2,BigBossHog,165369308,75,2023-08-04
1,BigBossHog,165369308,62,2023-08-05
2,bigjoo,72791978,92,2023-08-05
1,bigjoo,72791978,23,2023-08-06
2,BigBossHog,165369308,26,2023-08-06
1,bigjoo,72791978,57,2023-08-07
1,bigjoo,72791978,32,2023-08-08
1,bigjoo,72791978,31,2023-08-09
2,BigBossHog,165369308,97,2023-08-09
1,bigjoo,72791978,40,2023-08-10
1,bigjoo,72791978,17,2023-08-11
2,BigBossHog,165369308,43,2023-08-11
1,bigjoo,72791978,30,2023-08-13
2,BigBossHog,165369308,43,2023-08-13
1,BigBossHog,165369308,55,2023-08-14
2,bigjoo,72791978,62,2023-08-14
1,BigBossHog,165369308,198,2023-08-15
2,bigjoo,72791978,266,2023-08-15
1,bigjoo,72791978,21,2023-08-16
2,BigBossHog,165369308,28,2023-08-16
1,BigBossHog,165369308,28,2023-08-17
2,bigjoo,72791978,50,2023-08-17
1,bigjoo,72791978,43,2023-08-18
2,BigBossHog,165369308,45,2023-08-18
1,bigjoo,72791978,104,2023-08-19
2,BigBossHog,165369308,114,2023-08-19
1,bigjoo,72791978,25,2023-08-20
2,BigBossHog,165369308,32,2023-08-20
1,BigBossHog,165369308,32,2023-08-21
2,bigjoo,72791978,73,2023-08-21
1,bigjoo,72791978,39,2023-08-22
2,BigBossHog,165369308,41,2023-08-22
1,bigjoo,72791978,29,2023-08-23
2,BigBossHog,165369308,36,2023-08-23
1,bigjoo,72791978,61,2023-08-24
2,BigBossHog,165369308,69,2023-08-24
1,bigjoo,72791978,56,2023-08-25
1,bigjoo,72791978,66,2023-08-26
1,bigjoo,72791978,25,2023-08-27
1,bigjoo,72791978,60,2023-08-28
1,bigjoo,72791978,22,2023-08-31
2,BigBossHog,165369308,46,2023-08-31
1,bigjoo,72791978,23,2023-09-01
2,BigBossHog,165369308,36,2023-09-01
1,bigjoo,72791978,84,2023-09-02
2,BigBossHog,165369308,157,2023-09-02
1,bigjoo,72791978,26,2023-09-03
2,BigBossHog,165369308,45,2023-09-03
1,bigjoo,72791978,43,2023-09-04
1,bigjoo,72791978,41,2023-09-05
1,BigBossHog,165369308,16,2023-09-06
2,bigjoo,72791978,40,2023-09-06
1,bigjoo,72791978,27,2023-09-07
2,BigBossHog,165369308,61,2023-09-07
1,bigjoo,72791978,29,2023-09-08
2,BigBossHog,165369308,37,2023-09-08
1,BigBossHog,165369308,33,2023-09-09
2,bigjoo,72791978,36,2023-09-09
1,bigjoo,72791978,20,2023-09-10
2,BigBossHog,165369308,36,2023-09-10
1,bigjoo,72791978,29,2023-09-11
2,BigBossHog,165369308,38,2023-09-11
1,bigjoo,72791978,38,2023-09-12
2,BigBossHog,165369308,95,2023-09-12
1,BigBossHog,165369308,38,2023-09-13
2,bigjoo,72791978,92,2023-09-13
1,BigBossHog,165369308,54,2023-09-14
2,bigjoo,72791978,75,2023-09-14
1,BigBossHog,165369308,35,2023-09-15
2,bigjoo,72791978,49,2023-09-15
1,BigBossHog,165369308,59,2023-09-16
2,bigjoo,72791978,60,2023-09-16
1,BigBossHog,165369308,23,2023-09-17
2,bigjoo,72791978,44,2023-09-17
1,bigjoo,72791978,75,2023-09-18
2,BigBossHog,165369308,102,2023-09-18
1,bigjoo,72791978,19,2023-09-19
2,BigBossHog,165369308,34,2023-09-19
1,bigjoo,72791978,27,2023-09-20
2,BigBossHog,165369308,39,2023-09-20
1,bigjoo,72791978,19,2023-09-21
2,BigBossHog,165369308,25,2023-09-21
1,bigjoo,72791978,51,2023-09-22
1,BigBossHog,165369308,70,2023-09-23
2,bigjoo,72791978,81,2023-09-23
1,bigjoo,72791978,29,2023-09-24
2,BigBossHog,165369308,38,2023-09-24
1,bigjoo,72791978,40,2023-09-25
2,BigBossHog,165369308,63,2023-09-25
1,bigjoo,72791978,35,2023-09-26
2,BigBossHog,165369308,239,2023-09-26
1,BigBossHog,165369308,39,2023-09-27
2,bigjoo,72791978,93,2023-09-27
1,bigjoo,72791978,40,2023-09-28
2,BigBossHog,165369308,59,2023-09-28
1,BigBossHog,165369308,41,2023-09-29
2,bigjoo,72791978,51,2023-09-29
1,BigBossHog,165369308,72,2023-09-30
2,bigjoo,72791978,110,2023-09-30
1,bigjoo,72791978,27,2023-10-01
2,BigBossHog,165369308,40,2023-10-01
1,BigBossHog,165369308,49,2023-10-02
2,bigjoo,72791978,70,2023-10-02
1,bigjoo,72791978,26,2023-10-03
2,BigBossHog,165369308,38,2023-10-03
1,BigBossHog,165369308,32,2023-10-04
2,bigjoo,72791978,40,2023-10-04
1,bigjoo,72791978,24,2023-10-05
2,BigBossHog,165369308,43,2023-10-05
1,BigBossHog,165369308,113,2023-10-06
2,bigjoo,72791978,162,2023-10-06
1,BigBossHog,165369308,92,2023-10-07
2,bigjoo,72791978,145,2023-10-07
1,BigBossHog,165369308,31,2023-10-08
2,bigjoo,72791978,40,2023-10-08
1,bigjoo,72791978,86,2023-10-09
2,BigBossHog,165369308,117,2023-10-09
1,bigjoo,72791978,36,2023-10-10
2,BigBossHog,165369308,286,2023-10-10
1,bigjoo,72791978,22,2023-10-11
2,BigBossHog,165369308,31,2023-10-11
1,bigjoo,72791978,25,2023-10-12
2,BigBossHog,165369308,88,2023-10-12
1,bigjoo,72791978,30,2023-10-13
2,BigBossHog,165369308,36,2023-10-13
1,bigjoo,72791978,66,2023-10-14
2,BigBossHog,165369308,100,2023-10-14
1,bigjoo,72791978,32,2023-10-15
2,BigBossHog,165369308,41,2023-10-15
1,bigjoo,72791978,13,2023-10-16
2,BigBossHog,165369308,41,2023-10-16
1,bigjoo,72791978,25,2023-10-17
2,BigBossHog,165369308,87,2023-10-17
1,bigjoo,72791978,40,2023-10-18
1,bigjoo,72791978,33,2023-10-19
2,BigBossHog,165369308,57,2023-10-19
1,bigjoo,72791978,29,2023-10-20
2,BigBossHog,165369308,45,2023-10-20
1,BigBossHog,165369308,163,2023-10-21
2,bigjoo,72791978,411,2023-10-21
1,BigBossHog,165369308,37,2023-10-22
2,bigjoo,72791978,45,2023-10-22
1,bigjoo,72791978,160,2023-10-23
2,BigBossHog,165369308,241,2023-10-23
1,bigjoo,72791978,11,2023-10-24
2,BigBossHog,165369308,21,2023-10-24
1,BigBossHog,165369308,55,2023-10-25
2,bigjoo,72791978,106,2023-10-25
1,BigBossHog,165369308,25,2023-10-26
2,bigjoo,72791978,29,2023-10-26
1,bigjoo,72791978,49,2023-10-27
2,BigBossHog,165369308,98,2023-10-27
1,BigBossHog,165369308,77,2023-10-28
2,bigjoo,72791978,244,2023-10-28
1,bigjoo,72791978,36,2023-10-29
2,BigBossHog,165369308,42,2023-10-29
1,BigBossHog,165369308,32,2023-10-30
2,bigjoo,72791978,33,2023-10-30
1,bigjoo,72791978,24,2023-10-31
2,BigBossHog,165369308,36,2023-10-31
1,bigjoo,72791978,63,2023-11-01
2,BigBossHog,165369308,75,2023-11-01
1,BigBossHog,165369308,48,2023-11-02
2,bigjoo,72791978,292,2023-11-02
1,bigjoo,72791978,34,2023-11-03
2,BigBossHog,165369308,74,2023-11-03
1,bigjoo,72791978,48,2023-11-04
2,BigBossHog,165369308,52,2023-11-04
1,BigBossHog,165369308,45,2023-11-05
2,bigjoo,72791978,46,2023-11-05
1,bigjoo,72791978,37,2023-11-06
2,BigBossHog,165369308,50,2023-11-06
1,bigjoo,72791978,47,2023-11-07
2,BigBossHog,165369308,100,2023-11-07
1,BigBossHog,165369308,82,2023-11-08
2,bigjoo,72791978,265,2023-11-08
1,bigjoo,72791978,54,2023-11-09
2,BigBossHog,165369308,67,2023-11-09
1,BigBossHog,165369308,27,2023-11-10
2,bigjoo,72791978,47,2023-11-10
1,BigBossHog,165369308,200,2023-11-11
2,bigjoo,72791978,218,2023-11-11
1,BigBossHog,165369308,65,2023-11-12
2,bigjoo,72791978,83,2023-11-12
1,bigjoo,72791978,25,2023-11-13
2,BigBossHog,165369308,29,2023-11-13
1,bigjoo,72791978,29,2023-11-14
2,BigBossHog,165369308,33,2023-11-14
1,BigBossHog,165369308,39,2023-11-15
2,bigjoo,72791978,40,2023-11-15
1,BigBossHog,165369308,40,2023-11-16
2,bigjoo,72791978,64,2023-11-16
1,bigjoo,72791978,50,2023-11-17
2,BigBossHog,165369308,111,2023-11-17
1,BigBossHog,165369308,30,2023-11-18
2,bigjoo,72791978,119,2023-11-18
1,bigjoo,72791978,39,2023-11-19
2,BigBossHog,165369308,60,2023-11-19
1,bigjoo,72791978,21,2023-11-20
2,BigBossHog,165369308,38,2023-11-20
1,bigjoo,72791978,27,2023-11-21
2,BigBossHog,165369308,73,2023-11-21
1,BigBossHog,165369308,18,2023-11-22
2,bigjoo,72791978,29,2023-11-22
1,bigjoo,72791978,21,2023-11-23
2,BigBossHog,165369308,25,2023-11-23
1,bigjoo,72791978,29,2023-11-24
2,BigBossHog,165369308,45,2023-11-24
1,bigjoo,72791978,51,2023-11-25
2,BigBossHog,165369308,63,2023-11-25
1,bigjoo,72791978,34,2023-11-26
2,BigBossHog,165369308,47,2023-11-26
1,BigBossHog,165369308,82,2023-11-27
2,bigjoo,72791978,98,2023-11-27
1,bigjoo,72791978,26,2023-11-28
2,BigBossHog,165369308,28,2023-11-28
1,BigBossHog,165369308,17,2023-11-29
2,bigjoo,72791978,23,2023-11-29
3,BrarAndBoujee,224251530,100,2023-11-29
1,bigjoo,72791978,47,2023-11-30
2,BigBossHog,165369308,106,2023-11-30
3,BrarAndBoujee,224251530,224,2023-11-30
1,bigjoo,72791978,39,2023-12-01
2,BigBossHog,165369308,49,2023-12-01
3,rabulrabul,133762502,125,2023-12-01
1,bigjoo,72791978,62,2023-12-02
2,BigBossHog,165369308,69,2023-12-02
1,bigjoo,72791978,30,2023-12-03
2,BigBossHog,165369308,35,2023-12-03
3,rabulrabul,133762502,76,2023-12-03
1,bigjoo,72791978,23,2023-12-04
2,BigBossHog,165369308,30,2023-12-04
3,rabulrabul,133762502,100,2023-12-04
1,bigjoo,72791978,33,2023-12-05
2,BigBossHog,165369308,37,2023-12-05
3,rabulrabul,133762502,62,2023-12-05
4,Sukhraj,185352540,217,2023-12-05
1,bigjoo,72791978,48,2023-12-06
2,BigBossHog,165369308,59,2023-12-06
3,rabulrabul,133762502,98,2023-12-06
1,BigBossHog,165369308,32,2023-12-07
2,rabulrabul,133762502,138,2023-12-07
1,bigjoo,72791978,21,2023-12-08
2,BigBossHog,165369308,29,2023-12-08
3,rabulrabul,133762502,55,2023-12-08
1,bigjoo,72791978,58,2023-12-09
2,BigBossHog,165369308,83,2023-12-09
3,rabulrabul,133762502,136,2023-12-09
1,bigjoo,72791978,14,2023-12-10
2,BigBossHog,165369308,19,2023-12-10
3,rabulrabul,133762502,43,2023-12-10
1,BigBossHog,165369308,39,2023-12-11
2,bigjoo,72791978,41,2023-12-11
3,rabulrabul,133762502,56,2023-12-11
1,bigjoo,72791978,31,2023-12-12
2,BigBossHog,165369308,68,2023-12-12
3,rabulrabul,133762502,144,2023-12-12
1,BigBossHog,165369308,45,2023-12-13
2,bigjoo,72791978,48,2023-12-13
1,bigjoo,72791978,24,2023-12-14
2,BigBossHog,165369308,27,2023-12-14
3,rabulrabul,133762502,107,2023-12-14
1,bigjoo,72791978,31,2023-12-15
2,BigBossHog,165369308,32,2023-12-15
3,rabulrabul,133762502,60,2023-12-15
1,bigjoo,72791978,81,2023-12-16
2,BigBossHog,165369308,144,2023-12-16
1,BigBossHog,165369308,14,2023-12-17
2,bigjoo,72791978,26,2023-12-17
3,rabulrabul,133762502,66,2023-12-17
1,bigjoo,72791978,20,2023-12-18
2,BigBossHog,165369308,25,2023-12-18
3,rabulrabul,133762502,55,2023-12-18
4,Sukhraj,185352540,59,2023-12-18
1,Singhtionary,225633804,22,2023-12-19
2,bigjoo,72791978,30,2023-12-19
3,BigBossHog,165369308,42,2023-12-19
4,rabulrabul,133762502,52,2023-12-19
5,Sukhraj,185352540,83,2023-12-19
1,BigBossHog,165369308,34,2023-12-20
2,rabulrabul,133762502,52,2023-12-20
3,bigjoo,72791978,62,2023-12-20
1,BigBossHog,165369308,26,2023-12-21
2,bigjoo,72791978,37,2023-12-21
3,Singhtionary,225633804,186,2023-12-21
1,bigjoo,72791978,27,2023-12-22
2,BigBossHog,165369308,63,2023-12-22
3,rabulrabul,133762502,154,2023-12-22
1,BigBossHog,165369308,42,2023-12-23
2,bigjoo,72791978,72,2023-12-23
1,bigjoo,72791978,25,2023-12-24
2,BigBossHog,165369308,50,2023-12-24
1,bigjoo,72791978,18,2023-12-25
2,rabulrabul,133762502,63,2023-12-25
3,BigBossHog,165369308,69,2023-12-25
1,bigjoo,72791978,20,2023-12-26
2,BigBossHog,165369308,39,2023-12-26
3,rabulrabul,133762502,107,2023-12-26
4,Singhtionary,225633804,109,2023-12-26
1,bigjoo,72791978,17,2023-12-27
2,BigBossHog,165369308,28,2023-12-27
3,Singhtionary,225633804,34,2023-12-27
4,rabulrabul,133762502,150,2023-12-27
1,bigjoo,72791978,25,2023-12-28
2,BigBossHog,165369308,50,2023-12-28
3,Sukhman,226109835,72,2023-12-28
4,rabulrabul,133762502,140,2023-12-28
1,bigjoo,72791978,33,2023-12-29
2,BigBossHog,165369308,37,2023-12-29
3,rabulrabul,133762502,66,2023-12-29
4,Sukhman,226109835,108,2023-12-29
1,bigjoo,72791978,54,2023-12-30
2,BigBossHog,165369308,140,2023-12-30
3,rabulrabul,133762502,337,2023-12-30
1,bigjoo,72791978,16,2023-12-31
2,BigBossHog,165369308,38,2023-12-31
3,Sukhman,226109835,88,2023-12-31
4,rabulrabul,133762502,118,2023-12-31
1,bigjoo,72791978,35,2022-01-02
1,bigjoo,72791978,41,2022-01-03
2,BigBossHog,165369308,50,2022-01-03
1,bigjoo,72791978,24,2022-01-04
2,BigBossHog,165369308,55,2022-01-04
1,bigjoo,72791978,29,2022-01-05
2,BigBossHog,165369308,33,2022-01-05
1,BigBossHog,165369308,20,2022-01-06
2,bigjoo,72791978,23,2022-01-06
1,bigjoo,72791978,51,2022-01-07
2,BigBossHog,165369308,109,2022-01-07
1,bigjoo,72791978,107,2022-01-08
2,BigBossHog,165369308,138,2022-01-08
1,bigjoo,72791978,31,2022-01-09
2,BigBossHog,165369308,33,2022-01-09
1,BigBossHog,165369308,37,2022-01-10
2,bigjoo,72791978,47,2022-01-10
1,bigjoo,72791978,31,2022-01-11
2,BigBossHog,165369308,54,2022-01-11
1,bigjoo,72791978,22,2022-01-12
2,BigBossHog,165369308,36,2022-01-12
1,bigjoo,72791978,50,2022-01-13
2,BigBossHog,165369308,70,2022-01-13
1,BigBossHog,165369308,30,2022-01-14
2,bigjoo,72791978,45,2022-01-14
1,bigjoo,72791978,53,2022-01-15
2,BigBossHog,165369308,77,2022-01-15
1,BigBossHog,165369308,26,2022-01-16
2,bigjoo,72791978,38,2022-01-16
1,BigBossHog,165369308,41,2022-01-17
2,bigjoo,72791978,98,2022-01-17
1,BigBossHog,165369308,25,2022-01-18
2,bigjoo,72791978,155,2022-01-18
1,BigBossHog,165369308,43,2022-01-19
2,bigjoo,72791978,44,2022-01-19
1,bigjoo,72791978,42,2022-01-20
2,BigBossHog,165369308,95,2022-01-20
1,bigjoo,72791978,139,2022-01-21
2,BigBossHog,165369308,635,2022-01-21
1,BigBossHog,165369308,89,2022-01-22
2,bigjoo,72791978,298,2022-01-22
1,BigBossHog,165369308,24,2022-01-23
2,bigjoo,72791978,99,2022-01-23
1,BigBossHog,165369308,61,2022-01-24
2,bigjoo,72791978,113,2022-01-24
1,bigjoo,72791978,167,2022-01-25
2,BigBossHog,165369308,181,2022-01-25
1,bigjoo,72791978,28,2022-01-26
2,BigBossHog,165369308,36,2022-01-26
1,bigjoo,72791978,33,2022-01-27
2,BigBossHog,165369308,35,2022-01-27
1,bigjoo,72791978,28,2022-01-28
2,BigBossHog,165369308,45,2022-01-28
1,BigBossHog,165369308,106,2022-01-29
2,bigjoo,72791978,121,2022-01-29
1,bigjoo,72791978,52,2022-01-30
2,BigBossHog,165369308,106,2022-01-30
1,BigBossHog,165369308,22,2022-01-31
2,bigjoo,72791978,26,2022-01-31
1,bigjoo,72791978,27,2022-02-01
2,BigBossHog,165369308,48,2022-02-01
1,BigBossHog,165369308,133,2022-02-02
2,bigjoo,72791978,534,2022-02-02
1,BigBossHog,165369308,32,2022-02-03
2,bigjoo,72791978,38,2022-02-03
1,bigjoo,72791978,151,2022-02-04
2,BigBossHog,165369308,422,2022-02-04
1,bigjoo,72791978,61,2022-02-05
2,BigBossHog,165369308,70,2022-02-05
1,bigjoo,72791978,28,2022-02-06
2,BigBossHog,165369308,34,2022-02-06
1,bigjoo,72791978,33,2022-02-07
2,BigBossHog,165369308,60,2022-02-07
1,BigBossHog,165369308,26,2022-02-08
2,bigjoo,72791978,28,2022-02-08
1,BigBossHog,165369308,50,2022-02-09
2,bigjoo,72791978,317,2022-02-09
1,bigjoo,72791978,23,2022-02-10
2,BigBossHog,165369308,44,2022-02-10
1,BigBossHog,165369308,55,2022-02-11
2,bigjoo,72791978,67,2022-02-11
1,bigjoo,72791978,84,2022-02-12
2,BigBossHog,165369308,162,2022-02-12
1,bigjoo,72791978,32,2022-02-13
2,BigBossHog,165369308,50,2022-02-13
1,bigjoo,72791978,49,2022-02-14
2,BigBossHog,165369308,80,2022-02-14
1,BigBossHog,165369308,26,2022-02-15
2,bigjoo,72791978,31,2022-02-15
1,bigjoo,72791978,39,2022-02-16
2,BigBossHog,165369308,49,2022-02-16
1,bigjoo,72791978,43,2022-02-17
2,BigBossHog,165369308,58,2022-02-17
1,bigjoo,72791978,28,2022-02-18
2,BigBossHog,165369308,32,2022-02-18
1,BigBossHog,165369308,75,2022-02-19
2,bigjoo,72791978,84,2022-02-19
1,bigjoo,72791978,54,2022-02-20
2,BigBossHog,165369308,263,2022-02-20
1,bigjoo,72791978,33,2022-02-21
2,BigBossHog,165369308,64,2022-02-21
1,BigBossHog,165369308,54,2022-02-22
2,bigjoo,72791978,120,2022-02-22
1,bigjoo,72791978,32,2022-02-23
2,BigBossHog,165369308,39,2022-02-23
1,bigjoo,72791978,18,2022-02-24
2,BigBossHog,165369308,37,2022-02-24
1,bigjoo,72791978,36,2022-02-25
2,BigBossHog,165369308,186,2022-02-25
1,bigjoo,72791978,61,2022-02-26
2,BigBossHog,165369308,85,2022-02-26
1,bigjoo,72791978,37,2022-02-27
2,BigBossHog,165369308,58,2022-02-27
1,BigBossHog,165369308,55,2022-02-28
2,bigjoo,72791978,71,2022-02-28
1,bigjoo,72791978,30,2022-03-01
2,BigBossHog,165369308,40,2022-03-01
1,bigjoo,72791978,34,2022-03-02
2,BigBossHog,165369308,37,2022-03-02
1,bigjoo,72791978,40,2022-03-03
2,BigBossHog,165369308,80,2022-03-03
1,BigBossHog,165369308,35,2022-03-04
2,bigjoo,72791978,57,2022-03-04
1,bigjoo,72791978,94,2022-03-05
2,BigBossHog,165369308,102,2022-03-05
1,bigjoo,72791978,41,2022-03-06
2,BigBossHog,165369308,50,2022-03-06
1,bigjoo,72791978,29,2022-03-07
2,BigBossHog,165369308,76,2022-03-07
1,BigBossHog,165369308,25,2022-03-08
2,bigjoo,72791978,30,2022-03-08
1,BigBossHog,165369308,94,2022-03-09
1,BigBossHog,165369308,33,2022-03-10
2,bigjoo,72791978,66,2022-03-10
1,bigjoo,72791978,40,2022-03-11
2,BigBossHog,165369308,69,2022-03-11
1,bigjoo,72791978,98,2022-03-12
2,BigBossHog,165369308,305,2022-03-12
1,BigBossHog,165369308,36,2022-03-13
2,bigjoo,72791978,52,2022-03-13
1,bigjoo,72791978,36,2022-03-14
2,BigBossHog,165369308,80,2022-03-14
1,BigBossHog,165369308,22,2022-03-15
2,bigjoo,72791978,29,2022-03-15
1,BigBossHog,165369308,26,2022-03-16
1,bigjoo,72791978,35,2022-03-17
2,BigBossHog,165369308,44,2022-03-17
1,BigBossHog,165369308,31,2022-03-18
2,bigjoo,72791978,35,2022-03-18
1,bigjoo,72791978,57,2022-03-19
1,bigjoo,72791978,33,2022-03-20
2,BigBossHog,165369308,62,2022-03-20
1,bigjoo,72791978,20,2022-03-21
2,BigBossHog,165369308,27,2022-03-21
1,BigBossHog,165369308,29,2022-03-22
1,bigjoo,72791978,25,2022-03-23
2,BigBossHog,165369308,127,2022-03-23
1,bigjoo,72791978,30,2022-03-24
2,BigBossHog,165369308,34,2022-03-24
1,bigjoo,72791978,19,2022-03-25
2,BigBossHog,165369308,26,2022-03-25
1,bigjoo,72791978,73,2022-03-26
2,BigBossHog,165369308,311,2022-03-26
1,BigBossHog,165369308,52,2022-03-27
2,bigjoo,72791978,386,2022-03-27
1,bigjoo,72791978,31,2022-03-28
2,BigBossHog,165369308,44,2022-03-28
1,BigBossHog,165369308,17,2022-03-29
2,bigjoo,72791978,18,2022-03-29
1,bigjoo,72791978,34,2022-03-30
2,BigBossHog,165369308,41,2022-03-30
1,BigBossHog,165369308,17,2022-03-31
2,bigjoo,72791978,30,2022-03-31
1,bigjoo,72791978,35,2022-04-01
2,BigBossHog,165369308,43,2022-04-01
1,bigjoo,72791978,36,2022-04-02
2,BigBossHog,165369308,45,2022-04-02
1,bigjoo,72791978,36,2022-04-03
2,BigBossHog,165369308,71,2022-04-03
1,bigjoo,72791978,14,2022-04-04
2,BigBossHog,165369308,48,2022-04-04
1,BigBossHog,165369308,29,2022-04-05
2,bigjoo,72791978,48,2022-04-05
1,bigjoo,72791978,31,2022-04-06
2,BigBossHog,165369308,61,2022-04-06
1,BigBossHog,165369308,44,2022-04-07
2,bigjoo,72791978,45,2022-04-07
1,bigjoo,72791978,25,2022-04-08
2,BigBossHog,165369308,53,2022-04-08
1,BigBossHog,165369308,76,2022-04-09
2,bigjoo,72791978,125,2022-04-09
1,bigjoo,72791978,15,2022-04-10
2,BigBossHog,165369308,25,2022-04-10
1,BigBossHog,165369308,24,2022-04-11
2,bigjoo,72791978,25,2022-04-11
1,bigjoo,72791978,70,2022-04-12
2,BigBossHog,165369308,82,2022-04-12
1,bigjoo,72791978,64,2022-04-13
2,BigBossHog,165369308,291,2022-04-13
1,BigBossHog,165369308,19,2022-04-14
2,bigjoo,72791978,26,2022-04-14
1,BigBossHog,165369308,28,2022-04-15
2,bigjoo,72791978,34,2022-04-15
1,bigjoo,72791978,335,2022-04-16
1,bigjoo,72791978,38,2022-04-17
2,BigBossHog,165369308,52,2022-04-17
1,bigjoo,72791978,22,2022-04-18
2,BigBossHog,165369308,53,2022-04-18
1,bigjoo,72791978,44,2022-04-19
2,BigBossHog,165369308,45,2022-04-19
1,BigBossHog,165369308,28,2022-04-20
2,bigjoo,72791978,30,2022-04-20
1,BigBossHog,165369308,108,2022-04-21
2,bigjoo,72791978,116,2022-04-21
1,bigjoo,72791978,21,2022-04-22
2,BigBossHog,165369308,44,2022-04-22
1,bigjoo,72791978,53,2022-04-23
2,BigBossHog,165369308,56,2022-04-23
1,BigBossHog,165369308,24,2022-04-24
2,bigjoo,72791978,26,2022-04-24
1,BigBossHog,165369308,141,2022-04-25
2,bigjoo,72791978,271,2022-04-25
1,BigBossHog,165369308,26,2022-04-26
2,bigjoo,72791978,46,2022-04-26
1,bigjoo,72791978,32,2022-04-27
1,bigjoo,72791978,22,2022-04-28
2,BigBossHog,165369308,26,2022-04-28
1,bigjoo,72791978,28,2022-04-29
2,BigBossHog,165369308,47,2022-04-29
1,bigjoo,72791978,64,2022-04-30
2,BigBossHog,165369308,133,2022-04-30
1,bigjoo,72791978,26,2022-05-01
1,bigjoo,72791978,125,2022-05-02
2,BigBossHog,165369308,233,2022-05-02
1,bigjoo,72791978,32,2022-05-03
2,BigBossHog,165369308,54,2022-05-03
1,BigBossHog,165369308,29,2022-05-04
2,bigjoo,72791978,34,2022-05-04
1,bigjoo,72791978,38,2022-05-05
1,bigjoo,72791978,32,2022-05-06
2,BigBossHog,165369308,47,2022-05-06
1,BigBossHog,165369308,56,2022-05-07
2,bigjoo,72791978,126,2022-05-07
1,BigBossHog,165369308,248,2022-05-08
2,bigjoo,72791978,526,2022-05-08
1,bigjoo,72791978,19,2022-05-09
2,BigBossHog,165369308,29,2022-05-09
1,bigjoo,72791978,29,2022-05-10
2,BigBossHog,165369308,61,2022-05-10
1,BigBossHog,165369308,43,2022-05-11
2,bigjoo,72791978,95,2022-05-11
1,BigBossHog,165369308,40,2022-05-12
2,bigjoo,72791978,48,2022-05-12
1,bigjoo,72791978,46,2022-05-13
2,BigBossHog,165369308,120,2022-05-13
1,bigjoo,72791978,110,2022-05-14
2,BigBossHog,165369308,125,2022-05-14
1,bigjoo,72791978,75,2022-05-15
2,BigBossHog,165369308,81,2022-05-15
1,BigBossHog,165369308,62,2022-05-16
2,bigjoo,72791978,128,2022-05-16
1,bigjoo,72791978,17,2022-05-17
2,BigBossHog,165369308,29,2022-05-17
1,bigjoo,72791978,22,2022-05-18
2,BigBossHog,165369308,177,2022-05-18
1,BigBossHog,165369308,23,2022-05-19
2,bigjoo,72791978,25,2022-05-19
1,bigjoo,72791978,42,2022-05-20
1,bigjoo,72791978,48,2022-05-21
2,BigBossHog,165369308,52,2022-05-21
1,bigjoo,72791978,31,2022-05-31
2,BigBossHog,165369308,175,2022-05-31
1,bigjoo,72791978,334,2022-06-01
2,BigBossHog,165369308,351,2022-06-01
1,bigjoo,72791978,24,2022-06-02
2,BigBossHog,165369308,43,2022-06-02
1,bigjoo,72791978,34,2022-06-03
2,BigBossHog,165369308,35,2022-06-03
1,bigjoo,72791978,144,2022-06-04
1,BigBossHog,165369308,59,2022-06-05
2,bigjoo,72791978,62,2022-06-05
1,BigBossHog,165369308,32,2022-06-06
2,bigjoo,72791978,40,2022-06-06
1,BigBossHog,165369308,33,2022-06-07
2,bigjoo,72791978,34,2022-06-07
1,BigBossHog,165369308,35,2022-06-08
1,bigjoo,72791978,28,2022-06-09
2,BigBossHog,165369308,44,2022-06-09
1,BigBossHog,165369308,23,2022-06-10
2,bigjoo,72791978,42,2022-06-10
1,bigjoo,72791978,132,2022-06-11
2,BigBossHog,165369308,191,2022-06-11
1,bigjoo,72791978,27,2022-06-12
2,BigBossHog,165369308,43,2022-06-12
1,BigBossHog,165369308,25,2022-06-13
2,bigjoo,72791978,58,2022-06-13
1,bigjoo,72791978,28,2022-06-14
2,BigBossHog,165369308,42,2022-06-14
1,bigjoo,72791978,42,2022-06-15
1,bigjoo,72791978,12,2022-06-16
2,BigBossHog,165369308,71,2022-06-16
1,bigjoo,72791978,44,2022-06-17
2,BigBossHog,165369308,95,2022-06-17
1,bigjoo,72791978,66,2022-06-18
2,BigBossHog,165369308,488,2022-06-18
1,bigjoo,72791978,33,2022-06-19
2,BigBossHog,165369308,63,2022-06-19
1,BigBossHog,165369308,43,2022-06-20
2,bigjoo,72791978,88,2022-06-20
1,BigBossHog,165369308,24,2022-06-21
1,bigjoo,72791978,35,2022-06-22
2,BigBossHog,165369308,36,2022-06-22
1,bigjoo,72791978,33,2022-06-23
2,BigBossHog,165369308,150,2022-06-23
1,bigjoo,72791978,39,2022-06-24
2,BigBossHog,165369308,58,2022-06-24
1,BigBossHog,165369308,50,2022-06-25
2,bigjoo,72791978,308,2022-06-25
1,BigBossHog,165369308,31,2022-06-26
2,bigjoo,72791978,123,2022-06-26
1,BigBossHog,165369308,27,2022-06-27
2,bigjoo,72791978,31,2022-06-27
1,bigjoo,72791978,24,2022-06-28
2,BigBossHog,165369308,26,2022-06-28
1,bigjoo,72791978,30,2022-06-29
2,BigBossHog,165369308,47,2022-06-29
1,bigjoo,72791978,19,2022-06-30
2,BigBossHog,165369308,48,2022-06-30
1,bigjoo,72791978,33,2022-07-01
2,BigBossHog,165369308,137,2022-07-01
1,BigBossHog,165369308,111,2022-07-02
2,bigjoo,72791978,159,2022-07-02
1,bigjoo,72791978,23,2022-07-03
1,bigjoo,72791978,48,2022-07-04
2,BigBossHog,165369308,215,2022-07-04
1,bigjoo,72791978,35,2022-07-05
2,BigBossHog,165369308,53,2022-07-05
1,bigjoo,72791978,48,2022-07-06
2,BigBossHog,165369308,52,2022-07-06
1,bigjoo,72791978,31,2022-07-07
2,BigBossHog,165369308,62,2022-07-07
1,bigjoo,72791978,36,2022-07-08
2,BigBossHog,165369308,57,2022-07-08
1,bigjoo,72791978,54,2022-07-09
2,BigBossHog,165369308,425,2022-07-09
1,BigBossHog,165369308,26,2022-07-10
2,bigjoo,72791978,35,2022-07-10
1,bigjoo,72791978,31,2022-07-11
2,BigBossHog,165369308,80,2022-07-11
1,bigjoo,72791978,28,2022-07-12
2,BigBossHog,165369308,59,2022-07-12
1,bigjoo,72791978,38,2022-07-13
2,BigBossHog,165369308,42,2022-07-13
1,BigBossHog,165369308,42,2022-07-14
2,bigjoo,72791978,66,2022-07-14
1,bigjoo,72791978,37,2022-07-15
2,BigBossHog,165369308,50,2022-07-15
1,bigjoo,72791978,64,2022-07-16
2,BigBossHog,165369308,105,2022-07-16
1,bigjoo,72791978,23,2022-07-17
2,BigBossHog,165369308,36,2022-07-17
1,bigjoo,72791978,29,2022-07-18
2,BigBossHog,165369308,36,2022-07-18
1,BigBossHog,165369308,23,2022-07-19
2,bigjoo,72791978,40,2022-07-19
1,bigjoo,72791978,39,2022-07-20
2,BigBossHog,165369308,51,2022-07-20
1,bigjoo,72791978,23,2022-07-21
2,BigBossHog,165369308,34,2022-07-21
1,bigjoo,72791978,36,2022-07-22
2,BigBossHog,165369308,47,2022-07-22
1,bigjoo,72791978,104,2022-07-23
1,BigBossHog,165369308,27,2022-07-24
2,bigjoo,72791978,31,2022-07-24
1,bigjoo,72791978,23,2022-07-25
1,BigBossHog,165369308,63,2022-07-26
2,bigjoo,72791978,143,2022-07-26
1,BigBossHog,165369308,42,2022-07-27
1,BigBossHog,165369308,33,2022-07-28
1,bigjoo,72791978,48,2022-07-29
2,BigBossHog,165369308,136,2022-07-29
1,bigjoo,72791978,46,2022-07-30
2,BigBossHog,165369308,69,2022-07-30
1,BigBossHog,165369308,13,2022-07-31
2,bigjoo,72791978,23,2022-07-31
1,bigjoo,72791978,30,2022-08-01
2,BigBossHog,165369308,38,2022-08-01
1,bigjoo,72791978,58,2022-08-02
2,BigBossHog,165369308,118,2022-08-02
1,bigjoo,72791978,48,2022-08-03
2,BigBossHog,165369308,51,2022-08-03
1,bigjoo,72791978,25,2022-08-04
2,BigBossHog,165369308,30,2022-08-04
1,BigBossHog,165369308,43,2022-08-05
2,bigjoo,72791978,59,2022-08-05
1,BigBossHog,165369308,73,2022-08-06
2,bigjoo,72791978,118,2022-08-06
1,BigBossHog,165369308,24,2022-08-07
2,bigjoo,72791978,41,2022-08-07
1,bigjoo,72791978,34,2022-08-08
2,BigBossHog,165369308,48,2022-08-08
1,bigjoo,72791978,35,2022-08-09
2,BigBossHog,165369308,79,2022-08-09
1,bigjoo,72791978,34,2022-08-10
2,BigBossHog,165369308,39,2022-08-10
1,BigBossHog,165369308,23,2022-08-11
2,bigjoo,72791978,34,2022-08-11
1,bigjoo,72791978,31,2022-08-12
2,BigBossHog,165369308,47,2022-08-12
1,bigjoo,72791978,39,2022-08-13
1,bigjoo,72791978,25,2022-08-14
2,BigBossHog,165369308,26,2022-08-14
1,bigjoo,72791978,24,2022-08-15
2,BigBossHog,165369308,31,2022-08-15
1,BigBossHog,165369308,40,2022-08-16
2,bigjoo,72791978,49,2022-08-16
1,BigBossHog,165369308,32,2022-08-17
1,bigjoo,72791978,53,2022-08-18
2,BigBossHog,165369308,73,2022-08-18
1,bigjoo,72791978,73,2022-08-19
2,BigBossHog,165369308,220,2022-08-19
1,bigjoo,72791978,108,2022-08-20
1,bigjoo,72791978,30,2022-08-21
2,BigBossHog,165369308,37,2022-08-21
1,bigjoo,72791978,31,2022-08-22
2,BigBossHog,165369308,49,2022-08-22
1,BigBossHog,165369308,25,2022-08-23
2,bigjoo,72791978,47,2022-08-23
1,BigBossHog,165369308,42,2022-08-24
2,bigjoo,72791978,56,2022-08-24
1,bigjoo,72791978,32,2022-08-25
2,BigBossHog,165369308,218,2022-08-25
1,BigBossHog,165369308,50,2022-08-26
2,bigjoo,72791978,74,2022-08-26
1,bigjoo,72791978,69,2022-08-27
2,BigBossHog,165369308,172,2022-08-27
1,bigjoo,72791978,104,2022-08-28
2,BigBossHog,165369308,239,2022-08-28
1,bigjoo,72791978,31,2022-08-29
2,BigBossHog,165369308,69,2022-08-29
1,bigjoo,72791978,31,2022-08-30
2,BigBossHog,165369308,37,2022-08-30
1,bigjoo,72791978,102,2022-08-31
2,BigBossHog,165369308,118,2022-08-31
1,bigjoo,72791978,31,2022-09-01
2,BigBossHog,165369308,88,2022-09-01
1,bigjoo,72791978,23,2022-09-02
2,BigBossHog,165369308,38,2022-09-02
1,BigBossHog,165369308,55,2022-09-03
2,bigjoo,72791978,59,2022-09-03
1,bigjoo,72791978,34,2022-09-04
2,BigBossHog,165369308,125,2022-09-04
1,BigBossHog,165369308,35,2022-09-05
2,bigjoo,72791978,49,2022-09-05
1,BigBossHog,165369308,16,2022-09-06
2,bigjoo,72791978,49,2022-09-06
1,bigjoo,72791978,26,2022-09-07
2,BigBossHog,165369308,35,2022-09-07
1,BigBossHog,165369308,33,2022-09-08
2,bigjoo,72791978,35,2022-09-08
1,bigjoo,72791978,38,2022-09-09
2,BigBossHog,165369308,42,2022-09-09
1,bigjoo,72791978,68,2022-09-10
2,BigBossHog,165369308,110,2022-09-10
1,bigjoo,72791978,83,2022-09-11
2,BigBossHog,165369308,130,2022-09-11
1,bigjoo,72791978,17,2022-09-12
2,BigBossHog,165369308,46,2022-09-12
1,bigjoo,72791978,27,2022-09-13
2,BigBossHog,165369308,38,2022-09-13
1,bigjoo,72791978,21,2022-09-14
2,BigBossHog,165369308,22,2022-09-14
1,bigjoo,72791978,16,2022-09-15
2,BigBossHog,165369308,32,2022-09-15
1,BigBossHog,165369308,49,2022-09-16
2,bigjoo,72791978,72,2022-09-16
1,bigjoo,72791978,87,2022-09-17
2,BigBossHog,165369308,125,2022-09-17
1,BigBossHog,165369308,77,2022-09-18
2,bigjoo,72791978,91,2022-09-18
1,BigBossHog,165369308,32,2022-09-19
2,bigjoo,72791978,38,2022-09-19
1,bigjoo,72791978,43,2022-09-20
2,BigBossHog,165369308,53,2022-09-20
1,BigBossHog,165369308,30,2022-09-21
2,bigjoo,72791978,47,2022-09-21
1,bigjoo,72791978,24,2022-09-22
2,BigBossHog,165369308,29,2022-09-22
1,BigBossHog,165369308,41,2022-09-23
2,bigjoo,72791978,74,2022-09-23
1,bigjoo,72791978,77,2022-09-24
1,bigjoo,72791978,44,2022-09-25
1,BigBossHog,165369308,34,2022-09-26
1,bigjoo,72791978,30,2022-09-27
2,BigBossHog,165369308,47,2022-09-27
1,bigjoo,72791978,27,2022-09-28
2,BigBossHog,165369308,37,2022-09-28
1,bigjoo,72791978,78,2022-09-29
1,BigBossHog,165369308,28,2022-09-30
1,bigjoo,72791978,75,2022-10-02
2,BigBossHog,165369308,87,2022-10-02
1,bigjoo,72791978,53,2022-10-03
2,BigBossHog,165369308,60,2022-10-03
1,bigjoo,72791978,41,2022-10-04
2,BigBossHog,165369308,43,2022-10-04
1,bigjoo,72791978,105,2022-10-05
2,BigBossHog,165369308,132,2022-10-05
1,BigBossHog,165369308,22,2022-10-06
2,bigjoo,72791978,30,2022-10-06
1,bigjoo,72791978,30,2022-10-07
2,BigBossHog,165369308,85,2022-10-07
1,bigjoo,72791978,243,2022-10-08
1,BigBossHog,165369308,178,2022-10-09
2,bigjoo,72791978,209,2022-10-09
1,BigBossHog,165369308,112,2022-10-10
2,bigjoo,72791978,196,2022-10-10
1,BigBossHog,165369308,39,2022-10-11
2,bigjoo,72791978,72,2022-10-11
1,bigjoo,72791978,66,2022-10-12
1,BigBossHog,165369308,20,2022-10-13
2,bigjoo,72791978,34,2022-10-13
1,BigBossHog,165369308,56,2022-10-14
2,bigjoo,72791978,67,2022-10-14
1,bigjoo,72791978,89,2022-10-15
2,BigBossHog,165369308,102,2022-10-15
1,BigBossHog,165369308,12,2022-10-16
2,bigjoo,72791978,25,2022-10-16
1,bigjoo,72791978,34,2022-10-17
2,BigBossHog,165369308,52,2022-10-17
1,bigjoo,72791978,56,2022-10-18
2,BigBossHog,165369308,67,2022-10-18
1,bigjoo,72791978,24,2022-10-19
2,BigBossHog,165369308,38,2022-10-19
1,bigjoo,72791978,37,2022-10-20
2,BigBossHog,165369308,223,2022-10-20
1,bigjoo,72791978,46,2022-10-21
2,BigBossHog,165369308,86,2022-10-21
1,bigjoo,72791978,57,2022-10-22
2,BigBossHog,165369308,101,2022-10-22
1,bigjoo,72791978,46,2022-10-23
2,BigBossHog,165369308,56,2022-10-23
1,BigBossHog,165369308,45,2022-10-24
2,bigjoo,72791978,100,2022-10-24
1,bigjoo,72791978,33,2022-10-25
2,BigBossHog,165369308,45,2022-10-25
1,BigBossHog,165369308,28,2022-10-26
2,bigjoo,72791978,135,2022-10-26
1,bigjoo,72791978,32,2022-10-27
2,BigBossHog,165369308,74,2022-10-27
1,bigjoo,72791978,24,2022-10-28
2,BigBossHog,165369308,55,2022-10-28
1,bigjoo,72791978,58,2022-10-29
2,BigBossHog,165369308,285,2022-10-29
1,bigjoo,72791978,26,2022-10-30
2,BigBossHog,165369308,34,2022-10-30
1,BigBossHog,165369308,71,2022-10-31
2,bigjoo,72791978,89,2022-10-31
1,bigjoo,72791978,25,2022-11-01
2,BigBossHog,165369308,32,2022-11-01
1,bigjoo,72791978,31,2022-11-02
2,BigBossHog,165369308,39,2022-11-02
1,BigBossHog,165369308,20,2022-11-03
2,bigjoo,72791978,24,2022-11-03
1,bigjoo,72791978,33,2022-11-04
2,BigBossHog,165369308,51,2022-11-04
1,bigjoo,72791978,261,2022-11-05
2,BigBossHog,165369308,478,2022-11-05
1,bigjoo,72791978,42,2022-11-06
2,BigBossHog,165369308,50,2022-11-06
1,bigjoo,72791978,34,2022-11-07
2,BigBossHog,165369308,41,2022-11-07
1,BigBossHog,165369308,21,2022-11-08
2,bigjoo,72791978,24,2022-11-08
1,bigjoo,72791978,70,2022-11-09
2,BigBossHog,165369308,101,2022-11-09
1,bigjoo,72791978,20,2022-11-10
2,BigBossHog,165369308,24,2022-11-10
3,Sukhraj,185352540,203,2022-11-10
1,bigjoo,72791978,34,2022-11-11
2,BigBossHog,165369308,85,2022-11-11
1,bigjoo,72791978,58,2022-11-12
2,BigBossHog,165369308,91,2022-11-12
1,bigjoo,72791978,23,2022-11-13
1,bigjoo,72791978,37,2022-11-14
2,BigBossHog,165369308,95,2022-11-14
1,BigBossHog,165369308,35,2022-11-15
2,bigjoo,72791978,63,2022-11-15
1,bigjoo,72791978,35,2022-11-16
2,BigBossHog,165369308,40,2022-11-16
1,bigjoo,72791978,24,2022-11-17
2,BigBossHog,165369308,35,2022-11-17
1,bigjoo,72791978,25,2022-11-18
2,BigBossHog,165369308,30,2022-11-18
1,BigBossHog,165369308,51,2022-11-19
2,bigjoo,72791978,54,2022-11-19
1,bigjoo,72791978,31,2022-11-20
2,BigBossHog,165369308,34,2022-11-20
1,bigjoo,72791978,157,2022-11-21
2,BigBossHog,165369308,159,2022-11-21
1,bigjoo,72791978,32,2022-11-22
2,BigBossHog,165369308,42,2022-11-22
1,bigjoo,72791978,49,2022-11-23
2,BigBossHog,165369308,72,2022-11-23
1,bigjoo,72791978,29,2022-11-24
2,BigBossHog,165369308,81,2022-11-24
1,bigjoo,72791978,51,2022-11-25
2,BigBossHog,165369308,80,2022-11-25
1,bigjoo,72791978,77,2022-11-26
2,BigBossHog,165369308,160,2022-11-26
1,BigBossHog,165369308,40,2022-11-27
2,bigjoo,72791978,48,2022-11-27
1,bigjoo,72791978,50,2022-11-28
2,BigBossHog,165369308,147,2022-11-28
1,BigBossHog,165369308,72,2022-11-29
2,bigjoo,72791978,193,2022-11-29
1,BigBossHog,165369308,31,2022-11-30
2,bigjoo,72791978,81,2022-11-30
1,BigBossHog,165369308,37,2022-12-01
2,bigjoo,72791978,52,2022-12-01
1,bigjoo,72791978,30,2022-12-02
2,BigBossHog,165369308,46,2022-12-02
1,BigBossHog,165369308,148,2022-12-03
2,bigjoo,72791978,177,2022-12-03
1,BigBossHog,165369308,41,2022-12-04
2,bigjoo,72791978,53,2022-12-04
1,bigjoo,72791978,25,2022-12-05
2,BigBossHog,165369308,37,2022-12-05
1,bigjoo,72791978,35,2022-12-06
2,BigBossHog,165369308,36,2022-12-06
1,BigBossHog,165369308,44,2022-12-07
2,bigjoo,72791978,48,2022-12-07
1,BigBossHog,165369308,34,2022-12-08
2,bigjoo,72791978,99,2022-12-08
1,bigjoo,72791978,31,2022-12-09
2,BigBossHog,165369308,32,2022-12-09
1,bigjoo,72791978,224,2022-12-10
2,BigBossHog,165369308,358,2022-12-10
1,bigjoo,72791978,43,2022-12-11
2,BigBossHog,165369308,82,2022-12-11
1,bigjoo,72791978,57,2022-12-12
2,BigBossHog,165369308,98,2022-12-12
1,bigjoo,72791978,28,2022-12-13
2,BigBossHog,165369308,29,2022-12-13
1,BigBossHog,165369308,18,2022-12-14
2,bigjoo,72791978,56,2022-12-14
1,bigjoo,72791978,44,2022-12-15
2,BigBossHog,165369308,56,2022-12-15
1,bigjoo,72791978,92,2022-12-16
1,bigjoo,72791978,127,2022-12-17
2,BigBossHog,165369308,184,2022-12-17
1,BigBossHog,165369308,94,2022-12-18
2,bigjoo,72791978,96,2022-12-18
1,bigjoo,72791978,34,2022-12-19
2,BigBossHog,165369308,84,2022-12-19
1,bigjoo,72791978,47,2022-12-20
2,BigBossHog,165369308,88,2022-12-20
1,bigjoo,72791978,27,2022-12-21
2,BigBossHog,165369308,40,2022-12-21
1,bigjoo,72791978,38,2022-12-22
2,BigBossHog,165369308,55,2022-12-22
3,rabulrabul,133762502,320,2022-12-22
1,BigBossHog,165369308,32,2022-12-23
2,bigjoo,72791978,46,2022-12-23
1,bigjoo,72791978,72,2022-12-24
2,BigBossHog,165369308,179,2022-12-24
1,bigjoo,72791978,27,2022-12-25
2,BigBossHog,165369308,50,2022-12-25
1,BigBossHog,165369308,38,2022-12-26
2,bigjoo,72791978,43,2022-12-26
1,bigjoo,72791978,27,2022-12-27
2,BigBossHog,165369308,32,2022-12-27
1,bigjoo,72791978,45,2022-12-28
2,BigBossHog,165369308,131,2022-12-28
1,BigBossHog,165369308,174,2022-12-29
2,bigjoo,72791978,220,2022-12-29
1,bigjoo,72791978,136,2022-12-30
2,BigBossHog,165369308,376,2022-12-30
1,bigjoo,72791978,91,2022-12-31
